{
  "sheetsById": {
    "Demo Sheet": {
      "staticOverrides": {
        "byObject": {
          "Camera": {
            "near": 0.01,
            "position": {
              "x": -0.35230766927743007,
              "y": 0.4379554356483168,
              "z": 0.7319290195590418
            },
            "rotation": {
              "y": 0.05000000000000006,
              "x": -0.6200000000000001,
              "z": -0.04
            },
            "far": 2003.7,
            "fov": 56.500000000000206
          }
        }
      }
    }
  },
  "definitionVersion": "0.4.0",
  "revisionHistory": [
    "4hoRBh2SbIQOxFPb",
    "fAeGj1I6zo5YKLoO",
    "BlFTb2t7-IRS-JX3"
  ]
}